Date,Transaction Description,Category,Amount,Type
2024-12-21,Google Drive,Cloud,130,Debit
2023-02-23,Ola,Transport,797,Debit
2023-12-21,Zomato,Food,228,Debit
2023-07-23,Ola,Transport,1141,Debit
2023-07-30,Starbucks,Food,1085,Debit
2024-07-24,Internet Bill,Utilities,915,Debit
2024-09-03,Flipkart,Shopping,532,Debit
2024-08-21,Ola,Transport,1098,Debit
2023-03-21,Flipkart,Shopping,292,Debit
2023-02-21,Ola,Transport,797,Debit
2023-04-01,Ola,Transport,926,Debit
2024-09-11,Starbucks,Food,935,Debit
2023-08-12,Amazon,Shopping,473,Debit
2024-05-31,Flipkart,Shopping,1119,Debit
2023-05-27,Starbucks,Food,642,Debit
2024-10-20,Zomato,Food,1126,Debit
2024-05-25,Amazon Prime,Shopping,149,Debit
2023-01-01,Salary,Income,50000,Credit
2024-04-24,Uber,Transport,886,Debit
2023-03-18,Flipkart,Shopping,229,Debit
2024-07-24,Amazon Prime,Shopping,149,Debit
2024-03-08,Swiggy,Food,941,Debit
2024-03-26,Ola,Transport,792,Debit
2024-11-07,Starbucks,Food,295,Debit
2024-10-03,Flipkart,Shopping,421,Debit
2023-08-29,Starbucks,Food,930,Debit
2023-05-16,Uber,Transport,291,Debit
2024-07-24,Google Drive,Cloud,130,Debit
2023-03-20,Uber,Transport,616,Debit
2023-09-06,Ola,Transport,352,Debit
2024-03-26,Google Drive,Cloud,130,Debit
2023-11-02,Amazon,Shopping,1005,Debit
2023-05-22,Uber,Transport,208,Debit
2023-04-26,Ola,Transport,599,Debit
2024-11-21,Google Drive,Cloud,130,Debit
2024-09-05,Amazon,Shopping,1152,Debit
2023-04-01,Internet Bill,Utilities,957,Debit
2023-10-13,Flipkart,Shopping,782,Debit
2024-02-25,Mobile Recharge,Utilities,490,Debit
2024-06-24,Spotify,Music,119,Debit
2024-02-25,Salary,Income,50000,Credit
2024-01-22,Amazon,Shopping,1047,Debit
2023-10-07,Uber,Transport,789,Debit
2024-08-15,Starbucks,Food,1131,Debit
2023-08-09,Swiggy,Food,933,Debit
2024-02-08,Amazon,Shopping,1130,Debit
2023-12-27,Apple Music,Music,99,Debit
2024-09-08,Amazon,Shopping,424,Debit
2023-06-06,Starbucks,Food,748,Debit
2023-03-21,Zomato,Food,966,Debit
2024-09-21,Swiggy,Food,383,Debit
2024-05-25,Apple Music,Music,99,Debit
2023-03-29,Amazon,Shopping,826,Debit
2023-02-17,Swiggy,Food,1126,Debit
2023-04-25,Swiggy,Food,870,Debit
2023-08-29,Internet Bill,Utilities,816,Debit
2024-12-01,Ola,Transport,457,Debit
2024-10-12,Flipkart,Shopping,853,Debit
2023-01-07,Zomato,Food,1172,Debit
2024-02-25,Google Drive,Cloud,130,Debit
2023-03-30,Uber,Transport,405,Debit
2023-09-06,Amazon,Shopping,466,Debit
2023-06-11,Starbucks,Food,259,Debit
2024-08-25,Ola,Transport,573,Debit
2024-07-15,Flipkart,Shopping,1072,Debit
2023-07-02,Ola,Transport,1055,Debit
2023-04-14,Ola,Transport,423,Debit
2024-07-25,Starbucks,Food,1199,Debit
2024-04-27,Amazon,Shopping,390,Debit
2024-05-25,Zomato,Food,803,Debit
2023-02-03,Swiggy,Food,348,Debit
2024-08-11,Amazon,Shopping,1095,Debit
2024-09-29,Uber,Transport,725,Debit
2023-01-14,Ola,Transport,931,Debit
2024-08-22,Swiggy,Food,1138,Debit
2024-06-14,Flipkart,Shopping,805,Debit
2023-04-08,Zomato,Food,1123,Debit
2023-10-28,Salary,Income,50000,Credit
2024-04-10,Uber,Transport,734,Debit
2024-08-23,Uber,Transport,1001,Debit
2023-05-08,Zomato,Food,638,Debit
2024-08-11,Flipkart,Shopping,205,Debit
2024-08-30,Starbucks,Food,1023,Debit
2024-07-02,Uber,Transport,962,Debit
2023-07-08,Uber,Transport,812,Debit
2023-07-11,Starbucks,Food,890,Debit
2023-09-13,Starbucks,Food,592,Debit
2024-05-08,Ola,Transport,781,Debit
2023-10-28,Apple Music,Music,99,Debit
2023-06-13,Zomato,Food,392,Debit
2023-10-08,Zomato,Food,466,Debit
2024-05-25,Google Drive,Cloud,130,Debit
2024-01-17,Swiggy,Food,313,Debit
2023-07-05,Uber,Transport,807,Debit
2024-07-10,Swiggy,Food,574,Debit
2024-07-04,Amazon,Shopping,214,Debit
2023-04-04,Ola,Transport,1055,Debit
2023-01-30,Amazon,Shopping,270,Debit
2023-03-20,Zomato,Food,198,Debit
2023-04-02,Ola,Transport,150,Debit
2024-01-15,Flipkart,Shopping,696,Debit
2024-12-14,Starbucks,Food,637,Debit
2023-10-25,Swiggy,Food,601,Debit
2023-12-14,Zomato,Food,662,Debit
2023-10-06,Amazon,Shopping,400,Debit
2023-07-01,Flipkart,Shopping,701,Debit
2024-08-23,Hotstar,Entertainment,299,Debit
2023-06-16,Starbucks,Food,273,Debit
2024-04-17,Flipkart,Shopping,380,Debit
2023-04-12,Zomato,Food,1101,Debit
2024-09-11,Starbucks,Food,432,Debit
2023-05-30,Ola,Transport,854,Debit
2023-01-03,Ola,Transport,927,Debit
2024-07-06,Swiggy,Food,169,Debit
2023-08-29,Salary,Income,50000,Credit
2023-05-01,Google Drive,Cloud,130,Debit
2024-05-26,Uber,Transport,443,Debit
2023-01-01,Google Drive,Cloud,130,Debit
2024-07-12,Ola,Transport,436,Debit
2023-01-26,Uber,Transport,967,Debit
2024-01-26,Amazon Prime,Shopping,149,Debit
2024-09-25,Ola,Transport,390,Debit
2023-02-04,Ola,Transport,991,Debit
2024-01-08,Swiggy,Food,750,Debit
2023-05-17,Uber,Transport,1091,Debit
2024-10-23,Flipkart,Shopping,1014,Debit
2024-04-02,Amazon,Shopping,311,Debit
2024-12-30,Starbucks,Food,661,Debit
2023-10-28,Uber,Transport,821,Debit
2023-10-19,Zomato,Food,472,Debit
2024-08-27,Swiggy,Food,764,Debit
2023-09-12,Swiggy,Food,833,Debit
2024-08-17,Swiggy,Food,658,Debit
2023-06-30,Mobile Recharge,Utilities,438,Debit
2024-07-15,Swiggy,Food,709,Debit
2023-07-31,Amazon,Shopping,445,Debit
2024-06-04,Ola,Transport,647,Debit
2024-08-26,Ola,Transport,1076,Debit
2024-11-15,Swiggy,Food,1197,Debit
2024-11-17,Uber,Transport,1045,Debit
2023-01-15,Uber,Transport,173,Debit
2024-09-12,Amazon,Shopping,504,Debit
2024-05-10,Ola,Transport,855,Debit
2023-05-22,Starbucks,Food,926,Debit
2024-04-25,Zomato,Food,277,Debit
2023-09-08,Zomato,Food,892,Debit
2023-05-25,Starbucks,Food,541,Debit
2024-03-30,Starbucks,Food,710,Debit
2024-05-28,Starbucks,Food,508,Debit
2024-11-22,Uber,Transport,409,Debit
2024-09-03,Starbucks,Food,358,Debit
2024-08-05,Ola,Transport,824,Debit
2023-09-13,Zomato,Food,290,Debit
2023-06-21,Uber,Transport,216,Debit
2024-10-25,Uber,Transport,762,Debit
2023-08-09,Zomato,Food,508,Debit
2023-04-29,Zomato,Food,205,Debit
2023-11-02,Ola,Transport,978,Debit
2023-01-25,Starbucks,Food,1016,Debit
2023-02-19,Swiggy,Food,289,Debit
2024-06-30,Swiggy,Food,454,Debit
2023-05-31,Electricity Bill,Utilities,1142,Debit
2024-12-14,Amazon,Shopping,779,Debit
2023-04-02,Amazon,Shopping,506,Debit
2023-05-01,Spotify,Music,119,Debit
2024-04-09,Amazon,Shopping,1124,Debit
2024-02-10,Zomato,Food,522,Debit
2024-09-17,Ola,Transport,1157,Debit
2024-10-31,Starbucks,Food,936,Debit
2023-11-16,Uber,Transport,737,Debit
2023-08-25,Flipkart,Shopping,385,Debit
2023-03-25,Swiggy,Food,1039,Debit
2023-01-01,Internet Bill,Utilities,940,Debit
2024-04-25,Apple Music,Music,99,Debit
2023-04-01,Salary,Income,50000,Credit
2023-11-23,Flipkart,Shopping,842,Debit
2023-04-27,Swiggy,Food,946,Debit
2023-07-15,Amazon,Shopping,474,Debit
2024-10-22,Electricity Bill,Utilities,1459,Debit
2023-04-20,Starbucks,Food,315,Debit
2023-11-10,Starbucks,Food,463,Debit
2024-04-25,Amazon,Shopping,392,Debit
2023-08-20,Uber,Transport,430,Debit
2024-11-04,Swiggy,Food,767,Debit
2023-10-06,Ola,Transport,874,Debit
2024-11-27,Starbucks,Food,386,Debit
2023-11-27,Salary,Income,50000,Credit
2023-03-22,Ola,Transport,828,Debit
2023-10-28,Mobile Recharge,Utilities,425,Debit
2024-01-19,Ola,Transport,236,Debit
2024-02-08,Flipkart,Shopping,988,Debit
2023-03-26,Amazon,Shopping,792,Debit
2024-04-25,Spotify,Music,119,Debit
2023-10-28,Amazon Prime,Shopping,149,Debit
2024-02-28,Starbucks,Food,790,Debit
2024-08-03,Zomato,Food,773,Debit
2024-02-19,Uber,Transport,1078,Debit
2024-04-19,Amazon,Shopping,840,Debit
2024-09-20,Zomato,Food,1086,Debit
2024-10-19,Amazon,Shopping,344,Debit
2024-06-08,Starbucks,Food,230,Debit
2023-05-01,Netflix,Entertainment,499,Debit
2023-09-23,Ola,Transport,213,Debit
2023-03-30,Starbucks,Food,783,Debit
2024-03-20,Ola,Transport,499,Debit
2023-08-13,Starbucks,Food,762,Debit
2023-07-21,Uber,Transport,155,Debit
2023-12-18,Swiggy,Food,961,Debit
2023-11-20,Ola,Transport,361,Debit
2023-07-24,Uber,Transport,922,Debit
2023-09-16,Swiggy,Food,202,Debit
2024-03-05,Ola,Transport,424,Debit
2023-05-22,Ola,Transport,815,Debit
2023-02-21,Starbucks,Food,317,Debit
2024-03-11,Zomato,Food,1192,Debit
2023-10-05,Starbucks,Food,272,Debit
2023-09-22,Zomato,Food,238,Debit
2024-10-11,Flipkart,Shopping,730,Debit
2024-12-03,Starbucks,Food,913,Debit
2024-10-02,Uber,Transport,409,Debit
2023-03-03,Amazon,Shopping,468,Debit
2023-07-15,Starbucks,Food,640,Debit
2024-09-01,Ola,Transport,1029,Debit
2023-07-14,Ola,Transport,1142,Debit
2023-06-28,Starbucks,Food,1161,Debit
2023-07-10,Ola,Transport,261,Debit
2023-11-08,Starbucks,Food,547,Debit
2024-01-14,Uber,Transport,532,Debit
2024-07-08,Starbucks,Food,237,Debit
2024-02-14,Zomato,Food,712,Debit
2024-10-27,Amazon,Shopping,442,Debit
2023-12-29,Amazon,Shopping,444,Debit
2023-03-13,Zomato,Food,360,Debit
2023-07-16,Ola,Transport,340,Debit
2023-04-03,Ola,Transport,809,Debit
2024-08-28,Flipkart,Shopping,852,Debit
2024-06-08,Flipkart,Shopping,299,Debit
2023-07-26,Flipkart,Shopping,991,Debit
2024-08-08,Amazon,Shopping,1155,Debit
2024-12-24,Ola,Transport,397,Debit
2024-09-13,Zomato,Food,1152,Debit
2023-10-20,Uber,Transport,1057,Debit
2024-11-26,Uber,Transport,472,Debit
2024-03-10,Uber,Transport,844,Debit
2023-12-22,Flipkart,Shopping,1117,Debit
2023-07-30,Google Drive,Cloud,130,Debit
2023-11-26,Uber,Transport,457,Debit
2024-12-27,Uber,Transport,232,Debit
2024-08-21,Amazon,Shopping,602,Debit
2023-11-08,Uber,Transport,452,Debit
2023-08-05,Ola,Transport,490,Debit
2024-08-09,Flipkart,Shopping,954,Debit
2023-03-31,Ola,Transport,755,Debit
2023-01-11,Starbucks,Food,1160,Debit
2023-02-05,Amazon,Shopping,844,Debit
2023-04-29,Ola,Transport,205,Debit
2024-09-16,Flipkart,Shopping,936,Debit
2024-12-20,Amazon,Shopping,818,Debit
2024-03-23,Ola,Transport,567,Debit
2024-01-04,Uber,Transport,183,Debit
2024-10-30,Swiggy,Food,436,Debit
2024-11-21,Salary,Income,50000,Credit
2023-10-04,Amazon,Shopping,913,Debit
2023-08-27,Amazon,Shopping,963,Debit
2024-06-20,Amazon,Shopping,1154,Debit
2024-12-02,Zomato,Food,1002,Debit
2023-10-11,Starbucks,Food,697,Debit
2024-05-22,Starbucks,Food,249,Debit
2024-05-12,Flipkart,Shopping,427,Debit
2023-12-23,Swiggy,Food,188,Debit
2024-01-13,Swiggy,Food,903,Debit
2024-01-28,Flipkart,Shopping,683,Debit
2023-05-06,Amazon,Shopping,290,Debit
2024-01-07,Uber,Transport,508,Debit
2023-05-31,Apple Music,Music,99,Debit
2023-06-08,Ola,Transport,1052,Debit
2024-09-28,Flipkart,Shopping,271,Debit
2024-03-26,Netflix,Entertainment,499,Debit
2023-03-12,Uber,Transport,580,Debit
2023-10-12,Zomato,Food,709,Debit
2024-04-06,Swiggy,Food,996,Debit
2023-06-30,Google Drive,Cloud,130,Debit
2024-02-09,Uber,Transport,301,Debit
2023-11-29,Amazon,Shopping,822,Debit
2023-08-18,Starbucks,Food,871,Debit
2024-11-20,Swiggy,Food,175,Debit
2023-09-21,Flipkart,Shopping,891,Debit
2024-11-21,Apple Music,Music,99,Debit
2024-12-06,Flipkart,Shopping,728,Debit
2023-11-03,Zomato,Food,1092,Debit
2024-05-25,Salary,Income,50000,Credit
2024-08-26,Ola,Transport,349,Debit
2023-01-22,Swiggy,Food,643,Debit
2024-12-20,Flipkart,Shopping,954,Debit
2023-04-01,Amazon Prime,Shopping,149,Debit
2023-12-21,Amazon,Shopping,836,Debit
2024-02-04,Flipkart,Shopping,1161,Debit
2024-11-21,Internet Bill,Utilities,893,Debit
2023-05-12,Swiggy,Food,788,Debit
2023-03-24,Starbucks,Food,693,Debit
2023-12-16,Ola,Transport,451,Debit
2024-12-10,Flipkart,Shopping,550,Debit
2023-07-30,Salary,Income,50000,Credit
2023-12-01,Starbucks,Food,891,Debit
2023-03-02,Netflix,Entertainment,499,Debit
2024-06-10,Zomato,Food,390,Debit
2023-12-27,Electricity Bill,Utilities,1095,Debit
2024-08-30,Ola,Transport,624,Debit
2023-04-05,Uber,Transport,836,Debit
2024-10-22,Mobile Recharge,Utilities,430,Debit
2024-03-16,Starbucks,Food,838,Debit
2024-11-23,Amazon,Shopping,391,Debit
2024-03-19,Ola,Transport,693,Debit
2024-06-08,Zomato,Food,594,Debit
2024-12-21,Salary,Income,50000,Credit
2023-02-24,Swiggy,Food,1088,Debit
2024-12-15,Ola,Transport,272,Debit
2023-05-01,Mobile Recharge,Utilities,486,Debit
2023-08-06,Swiggy,Food,814,Debit
2024-04-25,Internet Bill,Utilities,824,Debit
2023-10-20,Swiggy,Food,317,Debit
2023-08-15,Swiggy,Food,635,Debit
2023-11-05,Ola,Transport,785,Debit
2023-05-31,Uber,Transport,1079,Debit
2023-05-28,Ola,Transport,185,Debit
2024-10-16,Swiggy,Food,888,Debit
2024-07-17,Zomato,Food,928,Debit
2023-03-09,Swiggy,Food,379,Debit
2024-02-23,Flipkart,Shopping,803,Debit
2023-08-21,Swiggy,Food,897,Debit
2023-08-28,Uber,Transport,403,Debit
2024-03-15,Starbucks,Food,802,Debit
2024-08-23,Electricity Bill,Utilities,1429,Debit
2023-07-30,Electricity Bill,Utilities,1558,Debit
2023-03-07,Swiggy,Food,157,Debit
2024-09-04,Ola,Transport,383,Debit
2023-11-20,Flipkart,Shopping,853,Debit
2024-05-27,Starbucks,Food,602,Debit
2024-09-12,Zomato,Food,1146,Debit
2024-12-22,Zomato,Food,373,Debit
2023-05-08,Zomato,Food,1119,Debit
2023-11-22,Ola,Transport,1049,Debit
2023-09-14,Uber,Transport,452,Debit
2023-08-29,Spotify,Music,119,Debit
2023-04-09,Flipkart,Shopping,299,Debit
2024-06-18,Uber,Transport,621,Debit
2024-08-29,Starbucks,Food,507,Debit
2024-06-23,Flipkart,Shopping,249,Debit
2024-03-18,Starbucks,Food,780,Debit
2024-03-24,Starbucks,Food,1115,Debit
2023-02-04,Ola,Transport,260,Debit
2024-02-11,Starbucks,Food,263,Debit
2024-05-16,Flipkart,Shopping,157,Debit
2024-04-06,Zomato,Food,257,Debit
2024-05-22,Zomato,Food,240,Debit
2024-06-22,Starbucks,Food,219,Debit
2024-10-27,Swiggy,Food,167,Debit
2024-09-22,Mobile Recharge,Utilities,536,Debit
2024-04-20,Flipkart,Shopping,1025,Debit
2023-08-30,Ola,Transport,201,Debit
2024-05-25,Netflix,Entertainment,499,Debit
2023-07-15,Uber,Transport,178,Debit
2023-04-28,Amazon,Shopping,978,Debit
2023-09-29,Ola,Transport,617,Debit
2023-07-06,Uber,Transport,993,Debit
2023-10-10,Flipkart,Shopping,720,Debit
2024-01-02,Starbucks,Food,1189,Debit
2024-06-06,Flipkart,Shopping,909,Debit
2024-01-04,Uber,Transport,288,Debit
2023-12-12,Amazon,Shopping,1052,Debit
2023-10-24,Uber,Transport,1146,Debit
2024-07-26,Starbucks,Food,340,Debit
2023-01-16,Uber,Transport,378,Debit
2024-04-16,Amazon,Shopping,1161,Debit
2023-05-04,Uber,Transport,1013,Debit
2023-01-07,Ola,Transport,1089,Debit
2024-03-22,Swiggy,Food,1053,Debit
2023-08-29,Apple Music,Music,99,Debit
2023-05-24,Uber,Transport,722,Debit
2024-01-16,Ola,Transport,519,Debit
2023-08-02,Uber,Transport,964,Debit
2024-03-25,Zomato,Food,574,Debit
2024-11-03,Starbucks,Food,733,Debit
2023-09-30,Ola,Transport,1001,Debit
2024-02-08,Starbucks,Food,991,Debit
2023-03-05,Amazon,Shopping,690,Debit
2024-06-12,Starbucks,Food,885,Debit
2024-05-02,Ola,Transport,890,Debit
2024-07-29,Amazon,Shopping,929,Debit
2024-01-26,Netflix,Entertainment,499,Debit
2023-10-09,Flipkart,Shopping,371,Debit
2024-10-29,Flipkart,Shopping,594,Debit
2023-11-05,Amazon,Shopping,845,Debit
2023-09-07,Zomato,Food,1058,Debit
2024-05-02,Swiggy,Food,1185,Debit
2024-11-14,Amazon,Shopping,462,Debit
2024-07-22,Ola,Transport,887,Debit
2023-09-19,Zomato,Food,693,Debit
2024-04-29,Amazon,Shopping,915,Debit
2024-10-18,Ola,Transport,775,Debit
2023-09-10,Flipkart,Shopping,1081,Debit
2024-08-16,Ola,Transport,1187,Debit
2023-02-27,Uber,Transport,733,Debit
2024-03-26,Hotstar,Entertainment,299,Debit
2023-09-28,Internet Bill,Utilities,810,Debit
2024-08-12,Flipkart,Shopping,746,Debit
2024-04-04,Zomato,Food,373,Debit
2024-03-07,Swiggy,Food,548,Debit
2023-10-31,Ola,Transport,236,Debit
2023-11-14,Uber,Transport,1189,Debit
2023-12-15,Swiggy,Food,405,Debit
2024-06-20,Flipkart,Shopping,1150,Debit
2023-06-05,Amazon,Shopping,409,Debit
2024-08-22,Starbucks,Food,1174,Debit
2024-10-10,Ola,Transport,596,Debit
2023-10-30,Starbucks,Food,875,Debit
2023-05-01,Amazon Prime,Shopping,149,Debit
2024-07-29,Zomato,Food,434,Debit
2024-02-26,Zomato,Food,438,Debit
2024-10-17,Amazon,Shopping,488,Debit
2023-10-28,Swiggy,Food,165,Debit
2023-01-02,Starbucks,Food,500,Debit
2023-11-11,Flipkart,Shopping,1161,Debit
2023-04-01,Apple Music,Music,99,Debit
2024-03-01,Swiggy,Food,334,Debit
2023-06-24,Amazon,Shopping,455,Debit
2024-05-14,Swiggy,Food,422,Debit
2024-07-21,Uber,Transport,368,Debit
2023-07-07,Amazon,Shopping,970,Debit
2024-09-27,Zomato,Food,435,Debit
2023-12-10,Starbucks,Food,639,Debit
2024-10-28,Uber,Transport,586,Debit
2023-03-02,Apple Music,Music,99,Debit
2023-12-01,Swiggy,Food,892,Debit
2024-11-11,Uber,Transport,591,Debit
2024-03-24,Flipkart,Shopping,277,Debit
2024-07-21,Swiggy,Food,160,Debit
2024-12-11,Zomato,Food,163,Debit
2024-07-16,Starbucks,Food,918,Debit
2023-11-04,Ola,Transport,366,Debit
2023-03-10,Starbucks,Food,453,Debit
2024-08-23,Spotify,Music,119,Debit
2024-03-16,Starbucks,Food,1193,Debit
2023-12-21,Flipkart,Shopping,449,Debit
2024-02-10,Flipkart,Shopping,414,Debit
2023-10-14,Starbucks,Food,970,Debit
2024-11-26,Uber,Transport,263,Debit
2023-09-28,Netflix,Entertainment,499,Debit
2023-03-02,Mobile Recharge,Utilities,577,Debit
2024-07-08,Zomato,Food,582,Debit
2024-09-14,Flipkart,Shopping,885,Debit
2024-03-29,Amazon,Shopping,574,Debit
2024-03-12,Starbucks,Food,232,Debit
2024-08-13,Amazon,Shopping,1172,Debit
2023-01-14,Ola,Transport,280,Debit
2023-02-20,Flipkart,Shopping,631,Debit
2024-11-23,Flipkart,Shopping,700,Debit
2024-10-09,Swiggy,Food,1088,Debit
2023-02-13,Zomato,Food,971,Debit
2023-12-08,Amazon,Shopping,636,Debit
2024-12-29,Flipkart,Shopping,506,Debit
2024-09-26,Zomato,Food,868,Debit
2024-12-30,Swiggy,Food,1096,Debit
2024-04-05,Swiggy,Food,612,Debit
2024-04-01,Uber,Transport,236,Debit
2023-05-15,Starbucks,Food,397,Debit
2024-08-06,Uber,Transport,561,Debit
2023-02-05,Amazon,Shopping,351,Debit
2024-06-28,Swiggy,Food,712,Debit
2024-12-10,Uber,Transport,1160,Debit
2024-02-12,Zomato,Food,481,Debit
2023-01-06,Ola,Transport,698,Debit
2023-11-04,Uber,Transport,330,Debit
2024-05-16,Flipkart,Shopping,196,Debit
2024-10-01,Flipkart,Shopping,992,Debit
2023-03-02,Internet Bill,Utilities,959,Debit
2023-04-28,Amazon,Shopping,488,Debit
2023-03-02,Salary,Income,50000,Credit
2024-03-28,Zomato,Food,759,Debit
2024-03-17,Ola,Transport,184,Debit
2024-09-02,Zomato,Food,720,Debit
2024-05-08,Amazon,Shopping,194,Debit
2024-08-10,Starbucks,Food,518,Debit
2023-05-25,Starbucks,Food,170,Debit
2024-09-21,Starbucks,Food,1196,Debit
2024-12-23,Swiggy,Food,486,Debit
2024-01-07,Amazon,Shopping,1130,Debit
2024-05-25,Starbucks,Food,806,Debit
2023-09-07,Ola,Transport,722,Debit
2024-04-15,Uber,Transport,732,Debit
2024-04-03,Zomato,Food,563,Debit
2023-06-07,Swiggy,Food,175,Debit
2023-11-27,Hotstar,Entertainment,299,Debit
2023-05-13,Starbucks,Food,647,Debit
2023-08-15,Ola,Transport,885,Debit
2023-11-12,Zomato,Food,1050,Debit
2024-04-25,Salary,Income,50000,Credit
2023-06-30,Salary,Income,50000,Credit
2024-12-24,Ola,Transport,793,Debit
2023-04-15,Flipkart,Shopping,1056,Debit
2023-09-09,Amazon,Shopping,884,Debit
2023-12-27,Mobile Recharge,Utilities,496,Debit
2023-03-30,Amazon,Shopping,765,Debit
2023-08-14,Flipkart,Shopping,768,Debit
2024-09-05,Starbucks,Food,791,Debit
2024-06-19,Starbucks,Food,653,Debit
2023-07-17,Flipkart,Shopping,465,Debit
2024-06-29,Uber,Transport,185,Debit
2024-03-03,Swiggy,Food,726,Debit
2024-05-05,Amazon,Shopping,570,Debit
2023-04-15,Amazon,Shopping,799,Debit
2023-03-13,Uber,Transport,982,Debit
2024-11-17,Starbucks,Food,285,Debit
2023-05-03,Uber,Transport,583,Debit
2024-01-12,Uber,Transport,247,Debit
2023-01-31,Starbucks,Food,637,Debit
2023-05-25,Amazon,Shopping,715,Debit
2023-07-16,Ola,Transport,390,Debit
2023-12-29,Amazon,Shopping,645,Debit
2023-08-26,Flipkart,Shopping,612,Debit
2023-10-13,Uber,Transport,868,Debit
2023-09-04,Swiggy,Food,630,Debit
2024-03-20,Zomato,Food,646,Debit
2024-07-06,Starbucks,Food,1124,Debit
2023-03-28,Swiggy,Food,1043,Debit
2023-10-21,Ola,Transport,709,Debit
2023-04-11,Flipkart,Shopping,368,Debit
2023-01-05,Zomato,Food,215,Debit
2024-02-11,Flipkart,Shopping,404,Debit
2024-01-20,Amazon,Shopping,267,Debit
2023-05-01,Hotstar,Entertainment,299,Debit
2024-10-08,Starbucks,Food,155,Debit
2023-09-28,Ola,Transport,353,Debit
2024-07-07,Amazon,Shopping,828,Debit
2023-11-07,Starbucks,Food,383,Debit
2023-05-31,Spotify,Music,119,Debit
2024-01-27,Starbucks,Food,391,Debit
2024-02-18,Zomato,Food,1003,Debit
2023-05-08,Amazon,Shopping,384,Debit
2023-03-11,Uber,Transport,896,Debit
2024-06-09,Zomato,Food,831,Debit
2024-10-11,Uber,Transport,417,Debit
2023-03-27,Ola,Transport,539,Debit
2023-11-04,Zomato,Food,1042,Debit
2023-10-28,Electricity Bill,Utilities,1032,Debit
2023-02-26,Uber,Transport,290,Debit
2024-06-25,Amazon,Shopping,459,Debit
2023-10-28,Netflix,Entertainment,499,Debit
2024-02-22,Uber,Transport,444,Debit
2024-04-10,Amazon,Shopping,271,Debit
2024-01-02,Flipkart,Shopping,1189,Debit
2024-04-27,Flipkart,Shopping,786,Debit
2024-08-02,Uber,Transport,655,Debit
2024-06-24,Ola,Transport,431,Debit
2023-12-04,Swiggy,Food,755,Debit
2023-09-15,Flipkart,Shopping,446,Debit
2024-01-22,Swiggy,Food,408,Debit
2024-08-22,Zomato,Food,856,Debit
2024-11-16,Flipkart,Shopping,468,Debit
2023-07-05,Amazon,Shopping,364,Debit
2023-09-08,Swiggy,Food,902,Debit
2024-10-26,Ola,Transport,422,Debit
2024-01-17,Uber,Transport,755,Debit
2024-12-07,Uber,Transport,326,Debit
2023-05-01,Internet Bill,Utilities,891,Debit
2024-10-06,Ola,Transport,304,Debit
2024-10-22,Amazon Prime,Shopping,149,Debit
2024-02-03,Zomato,Food,434,Debit
2023-05-07,Swiggy,Food,213,Debit
2023-03-06,Ola,Transport,664,Debit
2024-06-27,Swiggy,Food,992,Debit
2023-09-12,Zomato,Food,407,Debit
2024-04-16,Zomato,Food,1182,Debit
2024-04-03,Flipkart,Shopping,705,Debit
2024-01-15,Flipkart,Shopping,319,Debit
2024-05-06,Swiggy,Food,1195,Debit
2024-07-10,Zomato,Food,794,Debit
2023-09-26,Zomato,Food,284,Debit
2024-11-18,Flipkart,Shopping,638,Debit
2023-12-27,Spotify,Music,119,Debit
2024-12-28,Zomato,Food,878,Debit
2023-06-10,Flipkart,Shopping,283,Debit
2023-03-14,Flipkart,Shopping,482,Debit
2023-03-28,Swiggy,Food,553,Debit
2023-06-03,Swiggy,Food,547,Debit
2024-08-09,Ola,Transport,724,Debit
2023-02-12,Ola,Transport,1144,Debit
2024-10-17,Swiggy,Food,911,Debit
2024-09-22,Electricity Bill,Utilities,1225,Debit
2024-08-04,Ola,Transport,830,Debit
2023-10-26,Zomato,Food,767,Debit
2024-08-26,Ola,Transport,863,Debit
2023-07-03,Amazon,Shopping,1157,Debit
2023-02-02,Flipkart,Shopping,983,Debit
2024-01-02,Uber,Transport,288,Debit
2024-07-27,Swiggy,Food,747,Debit
2023-10-25,Ola,Transport,262,Debit
2024-12-12,Starbucks,Food,859,Debit
2023-12-02,Zomato,Food,588,Debit
2024-05-25,Hotstar,Entertainment,299,Debit
2024-12-18,Swiggy,Food,277,Debit
2023-06-27,Amazon,Shopping,741,Debit
2023-07-20,Starbucks,Food,429,Debit
2023-05-31,Amazon,Shopping,827,Debit
2023-10-06,Starbucks,Food,825,Debit
2024-01-22,Swiggy,Food,633,Debit
2024-09-29,Starbucks,Food,494,Debit
2023-04-23,Swiggy,Food,573,Debit
2023-04-18,Uber,Transport,1050,Debit
2024-12-26,Swiggy,Food,472,Debit
2023-12-17,Zomato,Food,1073,Debit
2024-04-25,Amazon Prime,Shopping,149,Debit
2023-09-23,Swiggy,Food,1130,Debit
2024-11-21,Zomato,Food,173,Debit
2024-12-21,Mobile Recharge,Utilities,419,Debit
2024-02-17,Amazon,Shopping,692,Debit
2024-02-25,Apple Music,Music,99,Debit
2023-07-21,Flipkart,Shopping,1189,Debit
2023-04-24,Flipkart,Shopping,929,Debit
2023-06-07,Zomato,Food,1155,Debit
2023-09-21,Ola,Transport,1068,Debit
2024-04-24,Uber,Transport,173,Debit
2023-05-17,Swiggy,Food,1037,Debit
2023-07-27,Ola,Transport,930,Debit
2024-12-15,Zomato,Food,723,Debit
2023-08-02,Amazon,Shopping,314,Debit
2023-12-14,Flipkart,Shopping,910,Debit
2024-06-02,Flipkart,Shopping,445,Debit
2024-01-26,Google Drive,Cloud,130,Debit
2023-05-16,Starbucks,Food,848,Debit
2023-12-15,Uber,Transport,321,Debit
2024-06-18,Zomato,Food,551,Debit
2023-06-30,Swiggy,Food,618,Debit
2024-09-03,Flipkart,Shopping,278,Debit
2024-09-01,Swiggy,Food,554,Debit
2023-10-01,Ola,Transport,790,Debit
2024-12-01,Zomato,Food,222,Debit
2023-08-04,Zomato,Food,335,Debit
2024-12-28,Amazon,Shopping,762,Debit
2023-05-12,Starbucks,Food,918,Debit
2023-04-26,Starbucks,Food,601,Debit
2023-02-10,Swiggy,Food,180,Debit
2023-04-11,Flipkart,Shopping,1020,Debit
2024-03-02,Starbucks,Food,872,Debit
2024-02-24,Zomato,Food,908,Debit
2023-08-04,Zomato,Food,738,Debit
2024-03-18,Swiggy,Food,1003,Debit
2023-08-06,Flipkart,Shopping,264,Debit
2024-12-28,Ola,Transport,250,Debit
2024-09-18,Starbucks,Food,213,Debit
2024-09-25,Flipkart,Shopping,328,Debit
2023-10-17,Ola,Transport,1079,Debit
2024-01-26,Swiggy,Food,203,Debit
2023-01-24,Zomato,Food,1123,Debit
2024-01-28,Amazon,Shopping,1063,Debit
2023-05-31,Mobile Recharge,Utilities,470,Debit
2023-10-23,Uber,Transport,1030,Debit
2023-11-11,Ola,Transport,1069,Debit
2023-07-30,Hotstar,Entertainment,299,Debit
2023-12-01,Amazon,Shopping,1017,Debit
2024-02-25,Amazon Prime,Shopping,149,Debit
2024-09-15,Ola,Transport,429,Debit
2024-03-08,Starbucks,Food,741,Debit
2024-07-29,Starbucks,Food,497,Debit
2024-11-21,Electricity Bill,Utilities,1284,Debit
2023-02-07,Starbucks,Food,1068,Debit
2024-05-23,Ola,Transport,629,Debit
2024-03-09,Zomato,Food,348,Debit
2024-11-13,Flipkart,Shopping,1000,Debit
2024-11-01,Flipkart,Shopping,436,Debit
2024-02-23,Amazon,Shopping,857,Debit
2023-12-11,Flipkart,Shopping,1110,Debit
2024-11-25,Ola,Transport,1082,Debit
2024-05-16,Zomato,Food,606,Debit
2024-01-26,Mobile Recharge,Utilities,423,Debit
2024-05-20,Flipkart,Shopping,1008,Debit
2023-09-28,Electricity Bill,Utilities,1432,Debit
2024-05-27,Uber,Transport,274,Debit
2023-07-30,Spotify,Music,119,Debit
2023-04-27,Ola,Transport,1144,Debit
2024-10-12,Flipkart,Shopping,1143,Debit
2024-05-25,Spotify,Music,119,Debit
2024-07-23,Zomato,Food,328,Debit
2024-08-25,Uber,Transport,852,Debit
2023-01-31,Mobile Recharge,Utilities,439,Debit
2024-04-25,Electricity Bill,Utilities,1027,Debit
2023-12-19,Uber,Transport,632,Debit
2023-04-16,Flipkart,Shopping,1183,Debit
2024-09-08,Starbucks,Food,323,Debit
2024-02-19,Uber,Transport,1139,Debit
2023-12-27,Amazon Prime,Shopping,149,Debit
2023-11-27,Amazon Prime,Shopping,149,Debit
2024-10-08,Ola,Transport,820,Debit
2023-04-01,Google Drive,Cloud,130,Debit
2023-10-29,Amazon,Shopping,1031,Debit
2023-09-05,Amazon,Shopping,1008,Debit
2024-10-22,Google Drive,Cloud,130,Debit
2023-05-07,Zomato,Food,558,Debit
2023-07-25,Amazon,Shopping,639,Debit
2024-07-11,Swiggy,Food,762,Debit
2023-08-04,Swiggy,Food,290,Debit
2023-01-23,Amazon,Shopping,1145,Debit
2023-05-04,Flipkart,Shopping,926,Debit
2023-09-28,Mobile Recharge,Utilities,485,Debit
2024-08-24,Swiggy,Food,440,Debit
2023-03-19,Zomato,Food,1092,Debit
2023-07-19,Starbucks,Food,446,Debit
2023-03-02,Hotstar,Entertainment,299,Debit
2023-12-24,Starbucks,Food,1016,Debit
2024-02-20,Amazon,Shopping,272,Debit
2023-01-24,Starbucks,Food,488,Debit
2024-07-24,Electricity Bill,Utilities,1558,Debit
2023-01-23,Flipkart,Shopping,291,Debit
2023-08-30,Amazon,Shopping,628,Debit
2023-01-27,Zomato,Food,610,Debit
2023-09-05,Ola,Transport,909,Debit
2023-05-09,Zomato,Food,1102,Debit
2023-11-11,Swiggy,Food,512,Debit
2024-08-23,Salary,Income,50000,Credit
2024-03-26,Spotify,Music,119,Debit
2023-06-16,Starbucks,Food,353,Debit
2023-11-27,Amazon,Shopping,952,Debit
2023-09-15,Swiggy,Food,717,Debit
2023-05-20,Uber,Transport,1073,Debit
2023-11-18,Starbucks,Food,1188,Debit
2023-08-29,Uber,Transport,686,Debit
2024-04-12,Zomato,Food,1005,Debit
2023-06-24,Swiggy,Food,610,Debit
2024-07-27,Ola,Transport,944,Debit
2023-08-26,Swiggy,Food,438,Debit
2023-12-12,Ola,Transport,727,Debit
2024-06-25,Zomato,Food,289,Debit
2024-01-27,Zomato,Food,1172,Debit
2023-03-10,Ola,Transport,411,Debit
2023-02-15,Zomato,Food,538,Debit
2023-02-20,Ola,Transport,395,Debit
2023-11-27,Netflix,Entertainment,499,Debit
2024-11-10,Swiggy,Food,288,Debit
2024-12-19,Uber,Transport,684,Debit
2024-10-14,Swiggy,Food,473,Debit
2024-09-23,Ola,Transport,597,Debit
2024-03-06,Amazon,Shopping,899,Debit
2023-10-18,Flipkart,Shopping,323,Debit
2023-07-19,Ola,Transport,540,Debit
2023-09-24,Ola,Transport,1058,Debit
2024-08-17,Amazon,Shopping,324,Debit
2024-07-19,Uber,Transport,465,Debit
2024-12-27,Zomato,Food,821,Debit
2023-03-29,Ola,Transport,293,Debit
2023-03-18,Flipkart,Shopping,1113,Debit
2023-07-26,Swiggy,Food,801,Debit
2024-07-11,Zomato,Food,965,Debit
2023-08-27,Swiggy,Food,958,Debit
2023-12-20,Uber,Transport,352,Debit
2023-03-04,Amazon,Shopping,852,Debit
2024-02-27,Zomato,Food,477,Debit
2023-03-21,Uber,Transport,720,Debit
2024-04-19,Flipkart,Shopping,754,Debit
2023-04-17,Uber,Transport,656,Debit
2023-06-02,Swiggy,Food,529,Debit
2024-01-20,Ola,Transport,712,Debit
2024-04-21,Ola,Transport,345,Debit
2023-09-28,Spotify,Music,119,Debit
2024-05-11,Ola,Transport,214,Debit
2024-02-28,Zomato,Food,476,Debit
2023-01-10,Starbucks,Food,967,Debit
2023-02-02,Starbucks,Food,1118,Debit
2024-02-01,Uber,Transport,282,Debit
2024-12-21,Amazon Prime,Shopping,149,Debit
2023-06-12,Zomato,Food,772,Debit
2024-04-12,Amazon,Shopping,226,Debit
2024-12-11,Starbucks,Food,652,Debit
2023-01-15,Amazon,Shopping,696,Debit
2024-09-20,Zomato,Food,741,Debit
2024-05-14,Amazon,Shopping,862,Debit
2023-07-12,Amazon,Shopping,1055,Debit
2024-12-17,Starbucks,Food,345,Debit
2024-12-03,Flipkart,Shopping,309,Debit
2023-06-28,Ola,Transport,707,Debit
2024-09-06,Ola,Transport,953,Debit
2023-06-27,Ola,Transport,772,Debit
2023-03-06,Swiggy,Food,1017,Debit
2023-02-05,Swiggy,Food,974,Debit
2023-03-22,Uber,Transport,1193,Debit
2023-02-22,Zomato,Food,693,Debit
2023-07-27,Ola,Transport,461,Debit
2023-11-01,Swiggy,Food,791,Debit
2024-09-24,Ola,Transport,688,Debit
2023-09-05,Zomato,Food,945,Debit
2023-04-05,Amazon,Shopping,323,Debit
2023-10-25,Amazon,Shopping,781,Debit
2023-08-22,Zomato,Food,334,Debit
2024-02-13,Starbucks,Food,731,Debit
2024-10-28,Amazon,Shopping,460,Debit
2023-04-13,Starbucks,Food,660,Debit
2023-08-29,Google Drive,Cloud,130,Debit
2024-11-08,Ola,Transport,1011,Debit
2024-02-25,Spotify,Music,119,Debit
2024-08-30,Zomato,Food,827,Debit
2023-07-29,Flipkart,Shopping,1051,Debit
2023-04-06,Flipkart,Shopping,631,Debit
2023-06-04,Zomato,Food,889,Debit
2023-06-14,Flipkart,Shopping,1002,Debit
2023-08-11,Uber,Transport,169,Debit
2023-05-28,Amazon,Shopping,1155,Debit
2024-04-23,Zomato,Food,1064,Debit
2023-05-01,Apple Music,Music,99,Debit
2023-01-01,Apple Music,Music,99,Debit
2024-07-08,Flipkart,Shopping,345,Debit
2024-06-24,Internet Bill,Utilities,870,Debit
2023-02-01,Zomato,Food,420,Debit
2024-02-09,Ola,Transport,1104,Debit
2024-07-13,Starbucks,Food,858,Debit
2023-01-29,Swiggy,Food,295,Debit
2023-07-28,Starbucks,Food,829,Debit
2024-05-03,Starbucks,Food,456,Debit
2023-04-22,Zomato,Food,281,Debit
2023-04-03,Uber,Transport,580,Debit
2024-10-21,Zomato,Food,613,Debit
2023-08-31,Starbucks,Food,821,Debit
2023-08-01,Swiggy,Food,1111,Debit
2023-11-12,Starbucks,Food,811,Debit
2023-08-29,Hotstar,Entertainment,299,Debit
2024-10-07,Starbucks,Food,719,Debit
2024-10-24,Ola,Transport,332,Debit
2024-10-13,Swiggy,Food,1091,Debit
2024-04-30,Flipkart,Shopping,597,Debit
2024-06-02,Flipkart,Shopping,1098,Debit
2023-05-26,Zomato,Food,982,Debit
2024-04-25,Ola,Transport,778,Debit
2024-04-28,Starbucks,Food,602,Debit
2023-05-28,Swiggy,Food,752,Debit
2024-01-23,Starbucks,Food,464,Debit
2024-12-21,Apple Music,Music,99,Debit
2023-04-10,Ola,Transport,968,Debit
2024-04-17,Uber,Transport,544,Debit
2023-07-17,Ola,Transport,747,Debit
2024-11-18,Swiggy,Food,1039,Debit
2024-05-25,Mobile Recharge,Utilities,466,Debit
2024-08-23,Amazon Prime,Shopping,149,Debit
2023-01-30,Swiggy,Food,826,Debit
2024-10-22,Salary,Income,50000,Credit
2024-12-25,Ola,Transport,781,Debit
2023-12-27,Salary,Income,50000,Credit
2023-11-01,Swiggy,Food,1091,Debit
2023-12-19,Ola,Transport,317,Debit
2024-08-18,Amazon,Shopping,877,Debit
2024-01-21,Starbucks,Food,477,Debit
2024-02-14,Zomato,Food,770,Debit
2023-07-14,Swiggy,Food,209,Debit
2024-10-10,Ola,Transport,583,Debit
2024-12-21,Hotstar,Entertainment,299,Debit
2024-10-09,Flipkart,Shopping,279,Debit
2023-11-19,Uber,Transport,1124,Debit
2024-07-12,Flipkart,Shopping,946,Debit
2024-08-16,Starbucks,Food,225,Debit
2023-01-10,Starbucks,Food,1027,Debit
2024-06-04,Starbucks,Food,424,Debit
2023-06-26,Flipkart,Shopping,779,Debit
2023-09-27,Ola,Transport,1185,Debit
2023-04-01,Hotstar,Entertainment,299,Debit
2024-06-21,Zomato,Food,871,Debit
2024-03-19,Amazon,Shopping,616,Debit
2024-11-21,Mobile Recharge,Utilities,495,Debit
2023-08-22,Amazon,Shopping,1000,Debit
2023-06-30,Amazon Prime,Shopping,149,Debit
2023-08-16,Uber,Transport,166,Debit
2024-11-09,Flipkart,Shopping,1114,Debit
2023-09-11,Amazon,Shopping,584,Debit
2023-08-29,Amazon Prime,Shopping,149,Debit
2023-08-27,Flipkart,Shopping,899,Debit
2023-05-03,Ola,Transport,819,Debit
2023-01-15,Amazon,Shopping,384,Debit
2024-12-05,Zomato,Food,244,Debit
2024-02-13,Flipkart,Shopping,311,Debit
2023-08-31,Starbucks,Food,603,Debit
2024-01-27,Starbucks,Food,942,Debit
2023-01-18,Flipkart,Shopping,761,Debit
2024-04-07,Amazon,Shopping,431,Debit
2023-09-22,Ola,Transport,1181,Debit
2024-01-18,Ola,Transport,1022,Debit
2024-12-16,Swiggy,Food,624,Debit
2023-03-02,Amazon Prime,Shopping,149,Debit
2024-04-21,Zomato,Food,437,Debit
2023-11-14,Starbucks,Food,265,Debit
2024-09-21,Amazon,Shopping,1164,Debit
2024-08-23,Netflix,Entertainment,499,Debit
2023-05-23,Ola,Transport,584,Debit
2024-11-05,Amazon,Shopping,261,Debit
2023-08-07,Uber,Transport,917,Debit
2023-10-17,Uber,Transport,472,Debit
2023-06-29,Amazon,Shopping,810,Debit
2023-09-07,Swiggy,Food,908,Debit
2023-07-18,Ola,Transport,649,Debit
2023-06-23,Swiggy,Food,628,Debit
2024-02-18,Ola,Transport,743,Debit
2024-10-29,Starbucks,Food,1056,Debit
2024-11-21,Hotstar,Entertainment,299,Debit
2023-12-24,Zomato,Food,456,Debit
2024-09-07,Starbucks,Food,503,Debit
2024-08-14,Uber,Transport,465,Debit
2024-09-09,Uber,Transport,389,Debit
2023-10-28,Spotify,Music,119,Debit
2024-01-16,Ola,Transport,311,Debit
2024-08-27,Swiggy,Food,385,Debit
2023-07-01,Starbucks,Food,232,Debit
2024-08-06,Ola,Transport,793,Debit
2023-08-16,Uber,Transport,754,Debit
2024-10-15,Ola,Transport,151,Debit
2023-09-25,Swiggy,Food,809,Debit
2023-12-23,Ola,Transport,1068,Debit
2023-06-09,Uber,Transport,1128,Debit
2023-04-05,Ola,Transport,497,Debit
2024-08-10,Swiggy,Food,559,Debit
2023-07-30,Internet Bill,Utilities,979,Debit
2023-09-28,Google Drive,Cloud,130,Debit
2024-06-24,Google Drive,Cloud,130,Debit
2023-06-06,Swiggy,Food,261,Debit
2024-08-31,Zomato,Food,1035,Debit
2023-09-30,Amazon,Shopping,344,Debit
2024-07-07,Ola,Transport,1038,Debit
2023-04-10,Amazon,Shopping,936,Debit
2024-01-25,Amazon,Shopping,720,Debit
2023-07-10,Amazon,Shopping,1096,Debit
2023-08-21,Flipkart,Shopping,1052,Debit
2024-12-27,Zomato,Food,336,Debit
2024-01-11,Ola,Transport,1119,Debit
2024-09-30,Flipkart,Shopping,345,Debit
2024-05-11,Uber,Transport,987,Debit
2023-05-11,Uber,Transport,371,Debit
2023-06-14,Flipkart,Shopping,929,Debit
2024-09-11,Ola,Transport,1006,Debit
2024-12-18,Zomato,Food,957,Debit
2024-08-11,Amazon,Shopping,579,Debit
2023-03-16,Amazon,Shopping,830,Debit
2023-08-24,Uber,Transport,486,Debit
2023-11-30,Amazon,Shopping,341,Debit
2023-06-23,Flipkart,Shopping,1079,Debit
2023-02-17,Uber,Transport,267,Debit
2023-10-02,Swiggy,Food,336,Debit
2023-10-27,Flipkart,Shopping,431,Debit
2024-04-25,Mobile Recharge,Utilities,553,Debit
2023-12-09,Flipkart,Shopping,1069,Debit
2024-12-02,Flipkart,Shopping,1008,Debit
2023-11-24,Starbucks,Food,257,Debit
2023-11-14,Uber,Transport,712,Debit
2023-02-16,Starbucks,Food,274,Debit
2024-05-10,Amazon,Shopping,280,Debit
2024-05-07,Zomato,Food,1000,Debit
2023-05-01,Flipkart,Shopping,1095,Debit
2024-02-12,Zomato,Food,772,Debit
2023-01-20,Starbucks,Food,813,Debit
2024-08-01,Ola,Transport,763,Debit
2023-02-15,Ola,Transport,1146,Debit
2023-10-29,Zomato,Food,414,Debit
2024-04-03,Uber,Transport,1131,Debit
2023-11-05,Ola,Transport,311,Debit
2024-08-23,Apple Music,Music,99,Debit
2023-01-18,Starbucks,Food,367,Debit
2024-04-12,Flipkart,Shopping,510,Debit
2024-02-07,Uber,Transport,965,Debit
2023-06-29,Swiggy,Food,1034,Debit
2024-03-09,Flipkart,Shopping,393,Debit
2024-09-19,Uber,Transport,216,Debit
2024-02-22,Ola,Transport,567,Debit
2023-11-27,Internet Bill,Utilities,857,Debit
2024-02-06,Starbucks,Food,326,Debit
2024-07-13,Amazon,Shopping,310,Debit
2023-11-16,Swiggy,Food,266,Debit
2023-02-02,Zomato,Food,1118,Debit
2023-07-30,Mobile Recharge,Utilities,454,Debit
2023-09-26,Zomato,Food,713,Debit
2024-04-15,Starbucks,Food,369,Debit
2023-12-05,Starbucks,Food,227,Debit
2024-09-18,Zomato,Food,319,Debit
2023-08-17,Flipkart,Shopping,250,Debit
2024-06-17,Uber,Transport,1005,Debit
2023-01-29,Starbucks,Food,601,Debit
2023-07-01,Flipkart,Shopping,192,Debit
2023-01-10,Uber,Transport,599,Debit
2024-07-24,Spotify,Music,119,Debit
2024-07-14,Zomato,Food,305,Debit
2023-08-05,Swiggy,Food,355,Debit
2024-12-03,Uber,Transport,705,Debit
2023-06-23,Uber,Transport,555,Debit
2023-07-30,Apple Music,Music,99,Debit
2023-07-26,Ola,Transport,628,Debit
2023-08-10,Amazon,Shopping,643,Debit
2023-08-03,Flipkart,Shopping,928,Debit
2024-06-05,Amazon,Shopping,311,Debit
2023-05-15,Flipkart,Shopping,234,Debit
2024-03-31,Swiggy,Food,927,Debit
2024-03-26,Amazon Prime,Shopping,149,Debit
2024-05-08,Ola,Transport,671,Debit
2023-02-21,Starbucks,Food,231,Debit
2023-02-14,Swiggy,Food,949,Debit
2023-06-30,Apple Music,Music,99,Debit
2024-02-02,Flipkart,Shopping,890,Debit
2024-07-18,Amazon,Shopping,300,Debit
2023-09-01,Amazon,Shopping,986,Debit
2023-11-12,Flipkart,Shopping,797,Debit
2024-04-27,Amazon,Shopping,754,Debit
2023-12-18,Swiggy,Food,999,Debit
2023-01-23,Swiggy,Food,325,Debit
2023-05-02,Swiggy,Food,682,Debit
2023-04-07,Flipkart,Shopping,557,Debit
2023-03-07,Uber,Transport,417,Debit
2023-07-03,Zomato,Food,1042,Debit
2024-05-18,Zomato,Food,1093,Debit
2024-01-11,Flipkart,Shopping,541,Debit
2023-06-17,Amazon,Shopping,582,Debit
2023-04-11,Amazon,Shopping,161,Debit
2024-01-23,Uber,Transport,891,Debit
2023-04-23,Flipkart,Shopping,1010,Debit
2024-09-10,Uber,Transport,439,Debit
2023-05-18,Starbucks,Food,1140,Debit
2023-07-12,Flipkart,Shopping,1170,Debit
2024-12-04,Starbucks,Food,257,Debit
2023-01-01,Electricity Bill,Utilities,1114,Debit
2023-04-09,Ola,Transport,998,Debit
2024-05-19,Zomato,Food,381,Debit
2023-01-01,Mobile Recharge,Utilities,593,Debit
2024-06-24,Hotstar,Entertainment,299,Debit
2023-01-13,Zomato,Food,477,Debit
2024-08-18,Zomato,Food,240,Debit
2024-03-13,Amazon,Shopping,832,Debit
2024-04-08,Starbucks,Food,473,Debit
2023-05-15,Uber,Transport,1027,Debit
2024-05-06,Starbucks,Food,1151,Debit
2023-02-25,Starbucks,Food,354,Debit
2023-01-01,Netflix,Entertainment,499,Debit
2023-12-08,Ola,Transport,239,Debit
2023-10-28,Hotstar,Entertainment,299,Debit
2024-05-30,Uber,Transport,1002,Debit
2024-02-06,Flipkart,Shopping,415,Debit
2024-03-27,Starbucks,Food,1141,Debit
2023-10-07,Flipkart,Shopping,255,Debit
2023-11-21,Swiggy,Food,657,Debit
2024-09-04,Uber,Transport,553,Debit
2023-10-09,Ola,Transport,609,Debit
2023-06-01,Uber,Transport,664,Debit
2024-09-17,Starbucks,Food,1163,Debit
2024-06-05,Zomato,Food,826,Debit
2023-06-21,Amazon,Shopping,1112,Debit
2024-04-20,Zomato,Food,980,Debit
2024-08-08,Starbucks,Food,646,Debit
2024-04-22,Uber,Transport,658,Debit
2023-12-06,Zomato,Food,482,Debit
2023-09-01,Flipkart,Shopping,1100,Debit
2024-01-24,Flipkart,Shopping,307,Debit
2023-12-13,Zomato,Food,558,Debit
2024-07-30,Ola,Transport,448,Debit
2024-03-16,Amazon,Shopping,762,Debit
2023-05-30,Amazon,Shopping,905,Debit
2024-01-26,Electricity Bill,Utilities,1223,Debit
2024-01-29,Starbucks,Food,734,Debit
2023-03-09,Starbucks,Food,223,Debit
2023-01-20,Ola,Transport,189,Debit
2024-02-29,Ola,Transport,781,Debit
2024-12-13,Uber,Transport,152,Debit
2024-05-27,Ola,Transport,765,Debit
2024-08-07,Ola,Transport,803,Debit
2023-04-22,Ola,Transport,984,Debit
2023-09-09,Uber,Transport,538,Debit
2023-12-02,Uber,Transport,1145,Debit
2023-10-28,Google Drive,Cloud,130,Debit
2023-08-29,Electricity Bill,Utilities,1089,Debit
2023-01-18,Flipkart,Shopping,515,Debit
2023-05-07,Flipkart,Shopping,191,Debit
2023-11-22,Uber,Transport,913,Debit
2024-03-26,Electricity Bill,Utilities,1517,Debit
2023-09-28,Hotstar,Entertainment,299,Debit
2024-01-08,Swiggy,Food,1087,Debit
2023-10-18,Uber,Transport,814,Debit
2024-09-23,Ola,Transport,359,Debit
2024-07-24,Netflix,Entertainment,499,Debit
2024-06-26,Amazon,Shopping,1149,Debit
2024-07-03,Ola,Transport,648,Debit
2023-04-18,Swiggy,Food,735,Debit
2024-01-01,Amazon,Shopping,325,Debit
2023-06-15,Flipkart,Shopping,1028,Debit
2023-09-23,Flipkart,Shopping,767,Debit
2024-03-17,Uber,Transport,828,Debit
2023-08-16,Swiggy,Food,960,Debit
2024-02-18,Starbucks,Food,212,Debit
2024-08-05,Ola,Transport,428,Debit
2024-04-23,Flipkart,Shopping,696,Debit
2024-01-18,Zomato,Food,1059,Debit
2023-06-03,Ola,Transport,716,Debit
2023-01-01,Amazon Prime,Shopping,149,Debit
2024-12-21,Electricity Bill,Utilities,1006,Debit
2023-11-17,Amazon,Shopping,334,Debit
2024-09-06,Uber,Transport,870,Debit
2024-09-22,Google Drive,Cloud,130,Debit
2024-04-14,Swiggy,Food,168,Debit
2023-05-31,Netflix,Entertainment,499,Debit
2023-01-30,Zomato,Food,288,Debit
2024-01-06,Swiggy,Food,871,Debit
2023-04-21,Ola,Transport,462,Debit
2024-07-09,Uber,Transport,245,Debit
2024-02-26,Swiggy,Food,253,Debit
2023-10-07,Flipkart,Shopping,1016,Debit
2023-08-20,Amazon,Shopping,348,Debit
2024-03-25,Amazon,Shopping,1129,Debit
2024-02-25,Swiggy,Food,697,Debit
2024-06-26,Swiggy,Food,1139,Debit
2024-08-01,Ola,Transport,307,Debit
2023-06-04,Zomato,Food,769,Debit
2024-10-24,Swiggy,Food,618,Debit
2024-11-06,Ola,Transport,380,Debit
2023-04-07,Uber,Transport,610,Debit
2023-12-06,Uber,Transport,418,Debit
2024-05-11,Swiggy,Food,291,Debit
2024-06-29,Flipkart,Shopping,517,Debit
2023-04-17,Flipkart,Shopping,717,Debit
2024-03-29,Amazon,Shopping,1151,Debit
2024-02-15,Starbucks,Food,465,Debit
2023-01-12,Flipkart,Shopping,246,Debit
2024-05-09,Amazon,Shopping,596,Debit
2023-02-28,Ola,Transport,769,Debit
2024-12-25,Ola,Transport,692,Debit
2023-08-13,Amazon,Shopping,1018,Debit
2024-04-29,Zomato,Food,1081,Debit
2023-09-20,Zomato,Food,1012,Debit
2024-05-13,Ola,Transport,923,Debit
2024-12-25,Uber,Transport,575,Debit
2023-06-15,Ola,Transport,758,Debit
2023-05-31,Google Drive,Cloud,130,Debit
2024-07-02,Swiggy,Food,914,Debit
2024-12-06,Swiggy,Food,1102,Debit
2024-05-07,Ola,Transport,268,Debit
2023-05-18,Zomato,Food,1041,Debit
2024-09-27,Flipkart,Shopping,573,Debit
2024-07-16,Zomato,Food,878,Debit
2023-12-27,Netflix,Entertainment,499,Debit
2024-11-13,Uber,Transport,1176,Debit
2024-07-05,Ola,Transport,926,Debit
2024-10-03,Zomato,Food,449,Debit
2024-03-23,Ola,Transport,460,Debit
2024-06-15,Uber,Transport,790,Debit
2024-04-25,Netflix,Entertainment,499,Debit
2024-09-30,Starbucks,Food,697,Debit
2024-03-26,Internet Bill,Utilities,858,Debit
2023-01-04,Amazon,Shopping,814,Debit
2024-11-29,Swiggy,Food,175,Debit
2023-08-06,Uber,Transport,209,Debit
2024-04-20,Amazon,Shopping,545,Debit
2024-04-02,Uber,Transport,1055,Debit
2023-09-29,Ola,Transport,844,Debit
2023-08-11,Flipkart,Shopping,1102,Debit
2024-09-14,Starbucks,Food,259,Debit
2024-06-13,Uber,Transport,886,Debit
2024-12-13,Flipkart,Shopping,920,Debit
2024-02-25,Electricity Bill,Utilities,1238,Debit
2024-12-11,Ola,Transport,198,Debit
2023-03-31,Starbucks,Food,410,Debit
2023-11-03,Swiggy,Food,815,Debit
2023-11-23,Ola,Transport,987,Debit
2024-10-27,Starbucks,Food,486,Debit
2024-08-02,Amazon,Shopping,1165,Debit
2023-09-17,Swiggy,Food,883,Debit
2023-10-20,Amazon,Shopping,1018,Debit
2023-11-29,Starbucks,Food,921,Debit
2024-06-06,Swiggy,Food,540,Debit
2023-05-12,Ola,Transport,556,Debit
2023-08-09,Amazon,Shopping,518,Debit
2024-09-22,Hotstar,Entertainment,299,Debit
2024-08-29,Amazon,Shopping,649,Debit
2024-02-10,Starbucks,Food,855,Debit
2024-07-25,Ola,Transport,361,Debit
2024-04-06,Uber,Transport,1117,Debit
2024-05-28,Amazon,Shopping,1024,Debit
2023-05-09,Amazon,Shopping,674,Debit
2023-01-24,Flipkart,Shopping,407,Debit
2024-07-03,Amazon,Shopping,612,Debit
2023-07-16,Zomato,Food,382,Debit
2024-03-04,Starbucks,Food,1113,Debit
2024-07-14,Uber,Transport,962,Debit
2024-05-06,Ola,Transport,263,Debit
2023-05-19,Uber,Transport,652,Debit
2023-01-04,Amazon,Shopping,599,Debit
2024-03-07,Swiggy,Food,970,Debit
2023-01-31,Salary,Income,50000,Credit
2023-02-09,Ola,Transport,661,Debit
2024-04-30,Amazon,Shopping,1114,Debit
2024-01-10,Uber,Transport,785,Debit
2023-02-10,Flipkart,Shopping,350,Debit
2023-11-27,Uber,Transport,785,Debit
2023-11-18,Starbucks,Food,234,Debit
2024-04-21,Uber,Transport,327,Debit
2023-02-25,Swiggy,Food,586,Debit
2023-06-30,Hotstar,Entertainment,299,Debit
2024-03-26,Salary,Income,50000,Credit
2023-01-06,Swiggy,Food,582,Debit
2023-06-02,Zomato,Food,796,Debit
2024-05-29,Uber,Transport,930,Debit
2023-09-28,Amazon Prime,Shopping,149,Debit
2024-01-26,Apple Music,Music,99,Debit
2023-07-20,Flipkart,Shopping,292,Debit
2024-06-11,Zomato,Food,568,Debit
2024-12-31,Flipkart,Shopping,436,Debit
2023-12-23,Starbucks,Food,160,Debit
2024-10-22,Swiggy,Food,166,Debit
2024-03-18,Flipkart,Shopping,204,Debit
2023-05-31,Amazon Prime,Shopping,149,Debit
2024-12-21,Ola,Transport,706,Debit
2023-01-26,Ola,Transport,1074,Debit
2023-08-24,Uber,Transport,1136,Debit
2024-07-17,Swiggy,Food,754,Debit
2024-12-21,Zomato,Food,302,Debit
2023-08-08,Starbucks,Food,993,Debit
2024-10-03,Amazon,Shopping,809,Debit
2024-06-11,Flipkart,Shopping,1130,Debit
2024-11-07,Starbucks,Food,174,Debit
2024-08-12,Flipkart,Shopping,291,Debit
2024-01-19,Amazon,Shopping,872,Debit
2023-09-28,Apple Music,Music,99,Debit
2024-12-09,Amazon,Shopping,646,Debit
2024-01-05,Flipkart,Shopping,830,Debit
2024-08-19,Swiggy,Food,171,Debit
2024-12-21,Internet Bill,Utilities,889,Debit
2024-07-22,Flipkart,Shopping,702,Debit
2023-05-31,Hotstar,Entertainment,299,Debit
2024-10-09,Amazon,Shopping,883,Debit
2024-10-16,Zomato,Food,711,Debit
2023-12-27,Hotstar,Entertainment,299,Debit
2024-06-13,Starbucks,Food,1168,Debit
2023-08-14,Zomato,Food,937,Debit
2024-05-21,Swiggy,Food,356,Debit
2024-10-22,Amazon,Shopping,853,Debit
2023-11-27,Amazon,Shopping,439,Debit
2023-11-28,Starbucks,Food,323,Debit
2024-07-25,Swiggy,Food,333,Debit
2023-08-12,Swiggy,Food,1054,Debit
2023-01-01,Hotstar,Entertainment,299,Debit
2023-03-17,Uber,Transport,476,Debit
2023-10-08,Swiggy,Food,1189,Debit
2024-08-18,Starbucks,Food,968,Debit
2023-02-13,Swiggy,Food,487,Debit
2023-05-06,Starbucks,Food,256,Debit
2023-05-10,Starbucks,Food,384,Debit
2023-01-31,Netflix,Entertainment,499,Debit
2023-03-01,Amazon,Shopping,763,Debit
2024-10-05,Amazon,Shopping,998,Debit
2023-10-03,Swiggy,Food,1034,Debit
2023-08-10,Zomato,Food,1094,Debit
2023-12-26,Uber,Transport,399,Debit
2024-02-01,Starbucks,Food,744,Debit
2024-03-26,Mobile Recharge,Utilities,487,Debit
2023-05-27,Amazon,Shopping,1125,Debit
2023-01-31,Hotstar,Entertainment,299,Debit
2023-05-06,Uber,Transport,609,Debit
2024-07-26,Starbucks,Food,814,Debit
2024-09-22,Netflix,Entertainment,499,Debit
2023-12-27,Internet Bill,Utilities,996,Debit
2024-02-21,Ola,Transport,1001,Debit
2023-03-31,Ola,Transport,818,Debit
2024-02-29,Starbucks,Food,1106,Debit
2024-02-01,Uber,Transport,472,Debit
2023-02-09,Flipkart,Shopping,304,Debit
2024-06-24,Netflix,Entertainment,499,Debit
2023-03-09,Swiggy,Food,455,Debit
2024-03-27,Uber,Transport,691,Debit
2024-02-25,Hotstar,Entertainment,299,Debit
2024-03-20,Starbucks,Food,928,Debit
2023-12-13,Starbucks,Food,1007,Debit
2024-05-04,Uber,Transport,1054,Debit
2024-08-31,Amazon,Shopping,527,Debit
2024-11-24,Uber,Transport,280,Debit
2024-02-09,Swiggy,Food,406,Debit
2024-10-22,Netflix,Entertainment,499,Debit
2024-04-13,Flipkart,Shopping,963,Debit
2024-01-26,Salary,Income,50000,Credit
2024-06-11,Ola,Transport,640,Debit
2023-06-25,Swiggy,Food,272,Debit
2024-03-31,Ola,Transport,856,Debit
2024-05-19,Zomato,Food,714,Debit
2023-01-25,Zomato,Food,561,Debit
2024-12-08,Uber,Transport,560,Debit
2024-01-30,Swiggy,Food,427,Debit
2023-11-25,Starbucks,Food,941,Debit
2024-11-18,Swiggy,Food,650,Debit
2024-10-19,Amazon,Shopping,629,Debit
2024-11-23,Flipkart,Shopping,210,Debit
2023-05-01,Salary,Income,50000,Credit
2023-08-10,Ola,Transport,443,Debit
2024-11-04,Zomato,Food,952,Debit
2024-11-30,Swiggy,Food,1116,Debit
2023-01-02,Amazon,Shopping,296,Debit
2023-10-30,Starbucks,Food,621,Debit
2024-07-20,Amazon,Shopping,947,Debit
2024-05-13,Amazon,Shopping,1010,Debit
2024-02-17,Swiggy,Food,243,Debit
2024-09-29,Uber,Transport,749,Debit
2023-07-12,Flipkart,Shopping,255,Debit
2024-06-24,Amazon Prime,Shopping,149,Debit
2024-11-07,Uber,Transport,798,Debit
2023-05-01,Electricity Bill,Utilities,1228,Debit
2024-06-19,Ola,Transport,841,Debit
2024-03-19,Amazon,Shopping,255,Debit
2024-06-16,Swiggy,Food,603,Debit
2024-07-12,Amazon,Shopping,829,Debit
2024-06-01,Flipkart,Shopping,611,Debit
2023-11-22,Starbucks,Food,475,Debit
2024-12-29,Swiggy,Food,978,Debit
2023-08-17,Flipkart,Shopping,736,Debit
2023-01-29,Starbucks,Food,621,Debit
2023-06-28,Ola,Transport,314,Debit
2024-01-24,Uber,Transport,1059,Debit
2024-09-22,Internet Bill,Utilities,892,Debit
2024-04-19,Zomato,Food,178,Debit
2023-04-10,Zomato,Food,452,Debit
2023-08-25,Amazon,Shopping,843,Debit
2023-06-29,Starbucks,Food,662,Debit
2024-12-13,Flipkart,Shopping,169,Debit
2023-10-09,Uber,Transport,902,Debit
2023-04-18,Ola,Transport,639,Debit
2023-01-01,Spotify,Music,119,Debit
2023-06-11,Ola,Transport,301,Debit
2024-07-24,Hotstar,Entertainment,299,Debit
2024-05-21,Flipkart,Shopping,182,Debit
2024-05-10,Swiggy,Food,242,Debit
2023-12-28,Swiggy,Food,377,Debit
2024-02-15,Starbucks,Food,341,Debit
2024-01-09,Swiggy,Food,558,Debit
2024-11-20,Amazon,Shopping,509,Debit
2023-03-04,Uber,Transport,581,Debit
2024-08-23,Google Drive,Cloud,130,Debit
2024-03-25,Starbucks,Food,815,Debit
2023-03-02,Electricity Bill,Utilities,1281,Debit
2024-05-17,Starbucks,Food,926,Debit
2023-08-31,Amazon,Shopping,279,Debit
2023-09-27,Starbucks,Food,753,Debit
2024-07-24,Ola,Transport,1069,Debit
2023-12-19,Uber,Transport,609,Debit
2023-07-04,Ola,Transport,862,Debit
2024-11-01,Ola,Transport,794,Debit
2023-06-22,Uber,Transport,729,Debit
2024-03-12,Swiggy,Food,229,Debit
2023-09-06,Flipkart,Shopping,1152,Debit
2023-02-16,Zomato,Food,269,Debit
2023-12-30,Ola,Transport,153,Debit
2023-04-25,Uber,Transport,948,Debit
2024-03-10,Starbucks,Food,898,Debit
2023-01-31,Amazon Prime,Shopping,149,Debit
2024-08-23,Internet Bill,Utilities,961,Debit
2023-02-22,Zomato,Food,793,Debit
2023-12-22,Amazon,Shopping,434,Debit
2023-09-28,Flipkart,Shopping,384,Debit
2023-03-01,Flipkart,Shopping,166,Debit
2024-08-19,Flipkart,Shopping,1031,Debit
2024-10-15,Ola,Transport,564,Debit
2024-04-26,Ola,Transport,1179,Debit
2023-05-24,Flipkart,Shopping,679,Debit
2024-10-22,Internet Bill,Utilities,840,Debit
2024-11-21,Netflix,Entertainment,499,Debit
2023-11-21,Amazon,Shopping,503,Debit
2023-11-19,Flipkart,Shopping,535,Debit
2024-01-03,Swiggy,Food,949,Debit
2024-04-22,Swiggy,Food,684,Debit
2024-06-03,Starbucks,Food,995,Debit
2023-08-14,Uber,Transport,1085,Debit
2024-10-22,Amazon,Shopping,1061,Debit
2024-04-14,Zomato,Food,742,Debit
2023-02-20,Starbucks,Food,654,Debit
2023-04-01,Electricity Bill,Utilities,1250,Debit
2024-06-25,Swiggy,Food,597,Debit
2023-08-20,Amazon,Shopping,230,Debit
2024-10-19,Ola,Transport,336,Debit
2024-07-28,Amazon,Shopping,647,Debit
2023-06-18,Amazon,Shopping,316,Debit
2023-11-06,Uber,Transport,494,Debit
2024-04-04,Amazon,Shopping,706,Debit
2023-12-28,Flipkart,Shopping,1173,Debit
2023-01-28,Uber,Transport,193,Debit
2024-02-16,Amazon,Shopping,841,Debit
2023-07-17,Starbucks,Food,709,Debit
2023-09-01,Amazon,Shopping,768,Debit
2024-08-13,Zomato,Food,770,Debit
2023-09-22,Starbucks,Food,373,Debit
2023-07-30,Amazon Prime,Shopping,149,Debit
2024-07-04,Amazon,Shopping,315,Debit
2024-11-15,Swiggy,Food,784,Debit
2024-07-09,Swiggy,Food,724,Debit
2024-06-09,Uber,Transport,181,Debit
2023-07-24,Ola,Transport,809,Debit
2024-12-21,Netflix,Entertainment,499,Debit
2024-10-24,Zomato,Food,1128,Debit
2024-11-21,Amazon Prime,Shopping,149,Debit
2024-11-04,Zomato,Food,1193,Debit
2023-09-02,Zomato,Food,242,Debit
2023-06-30,Netflix,Entertainment,499,Debit
2024-07-30,Uber,Transport,699,Debit
2024-07-01,Zomato,Food,666,Debit
2023-01-16,Uber,Transport,1040,Debit
2024-04-09,Ola,Transport,558,Debit
2024-11-26,Ola,Transport,491,Debit
2024-08-16,Flipkart,Shopping,1006,Debit
2023-10-28,Internet Bill,Utilities,968,Debit
2024-09-22,Salary,Income,50000,Credit
2024-11-21,Uber,Transport,680,Debit
2023-09-26,Starbucks,Food,815,Debit
2024-07-10,Starbucks,Food,217,Debit
2024-04-04,Starbucks,Food,640,Debit
2023-08-19,Amazon,Shopping,539,Debit
2023-11-20,Zomato,Food,276,Debit
2023-09-13,Flipkart,Shopping,574,Debit
2024-03-15,Zomato,Food,954,Debit
2023-10-21,Starbucks,Food,1055,Debit
2024-07-31,Zomato,Food,1040,Debit
2024-12-21,Spotify,Music,119,Debit
2024-07-24,Salary,Income,50000,Credit
2024-01-05,Zomato,Food,362,Debit
2024-08-15,Swiggy,Food,1069,Debit
2023-05-18,Zomato,Food,703,Debit
2024-08-21,Ola,Transport,916,Debit
2024-08-03,Ola,Transport,369,Debit
2024-02-25,Netflix,Entertainment,499,Debit
2024-08-15,Ola,Transport,922,Debit
2024-10-07,Amazon,Shopping,905,Debit
2024-03-26,Zomato,Food,1091,Debit
2023-08-07,Ola,Transport,448,Debit
2024-01-26,Spotify,Music,119,Debit
2024-07-07,Zomato,Food,319,Debit
2024-10-12,Amazon,Shopping,249,Debit
2023-05-19,Ola,Transport,699,Debit
2024-03-09,Ola,Transport,722,Debit
2024-08-03,Starbucks,Food,550,Debit
2023-09-28,Salary,Income,50000,Credit
2024-06-21,Zomato,Food,436,Debit
2024-05-25,Internet Bill,Utilities,896,Debit
2023-01-21,Uber,Transport,779,Debit
2023-03-02,Google Drive,Cloud,130,Debit
2024-01-21,Swiggy,Food,442,Debit
2024-09-08,Uber,Transport,391,Debit
2023-06-03,Amazon,Shopping,729,Debit
2024-03-28,Starbucks,Food,761,Debit
2023-04-09,Amazon,Shopping,548,Debit
2023-11-27,Spotify,Music,119,Debit
2023-06-30,Electricity Bill,Utilities,1104,Debit
2023-02-06,Zomato,Food,542,Debit
2023-01-07,Amazon,Shopping,794,Debit
2024-05-02,Swiggy,Food,379,Debit
2023-03-18,Swiggy,Food,933,Debit
2023-10-15,Zomato,Food,212,Debit
2023-07-30,Netflix,Entertainment,499,Debit
2023-09-09,Swiggy,Food,965,Debit
2023-01-20,Flipkart,Shopping,151,Debit
2024-10-22,Hotstar,Entertainment,299,Debit
2023-08-17,Starbucks,Food,1167,Debit
2023-07-08,Swiggy,Food,794,Debit
2024-01-26,Internet Bill,Utilities,873,Debit
2024-02-24,Starbucks,Food,367,Debit
2023-01-19,Zomato,Food,915,Debit
2024-05-30,Ola,Transport,455,Debit
2024-01-25,Zomato,Food,901,Debit
2024-06-16,Amazon,Shopping,448,Debit
2024-11-21,Zomato,Food,1166,Debit
2023-05-16,Swiggy,Food,1010,Debit
2023-01-26,Amazon,Shopping,914,Debit
2023-11-18,Ola,Transport,1097,Debit
2024-06-26,Ola,Transport,914,Debit
2023-10-16,Amazon,Shopping,590,Debit
2024-03-06,Flipkart,Shopping,975,Debit
2023-10-13,Swiggy,Food,521,Debit
2023-09-18,Starbucks,Food,813,Debit
2024-09-22,Apple Music,Music,99,Debit
2024-01-03,Swiggy,Food,942,Debit
2024-06-22,Zomato,Food,270,Debit
2023-12-27,Google Drive,Cloud,130,Debit
2023-11-09,Swiggy,Food,449,Debit
2023-10-22,Flipkart,Shopping,1199,Debit
2023-04-01,Mobile Recharge,Utilities,507,Debit
2024-12-07,Starbucks,Food,1085,Debit
2024-02-15,Starbucks,Food,495,Debit
2024-10-06,Amazon,Shopping,340,Debit
2023-06-07,Starbucks,Food,732,Debit
2023-04-04,Amazon,Shopping,587,Debit
2023-02-25,Starbucks,Food,693,Debit
2023-12-08,Ola,Transport,896,Debit
2023-07-20,Uber,Transport,999,Debit
2023-06-19,Starbucks,Food,303,Debit
2023-02-04,Ola,Transport,875,Debit
2024-10-25,Swiggy,Food,791,Debit
2023-09-21,Swiggy,Food,280,Debit
2023-06-30,Spotify,Music,119,Debit
2023-07-22,Amazon,Shopping,761,Debit
2023-01-31,Electricity Bill,Utilities,1025,Debit
2024-10-22,Apple Music,Music,99,Debit
2024-06-24,Apple Music,Music,99,Debit
2023-07-22,Flipkart,Shopping,1152,Debit
2023-11-26,Uber,Transport,316,Debit
2023-07-27,Ola,Transport,225,Debit
2023-01-31,Google Drive,Cloud,130,Debit
2024-09-06,Starbucks,Food,383,Debit
2023-10-01,Amazon,Shopping,672,Debit
2023-11-27,Electricity Bill,Utilities,1030,Debit
2024-01-07,Flipkart,Shopping,1101,Debit
2023-04-16,Ola,Transport,1063,Debit
2023-06-14,Starbucks,Food,612,Debit
2024-07-20,Amazon,Shopping,465,Debit
2024-09-24,Flipkart,Shopping,216,Debit
2024-12-18,Ola,Transport,417,Debit
2023-05-31,Salary,Income,50000,Credit
2024-11-25,Amazon,Shopping,307,Debit
2024-03-04,Uber,Transport,166,Debit
2024-02-17,Swiggy,Food,208,Debit
2024-03-27,Zomato,Food,654,Debit
2024-01-14,Ola,Transport,941,Debit
2024-11-05,Flipkart,Shopping,640,Debit
2024-05-01,Amazon,Shopping,317,Debit
2024-01-20,Swiggy,Food,981,Debit
2024-04-11,Amazon,Shopping,625,Debit
2023-12-11,Flipkart,Shopping,547,Debit
2023-12-09,Starbucks,Food,733,Debit
2024-10-25,Flipkart,Shopping,359,Debit
2023-11-21,Swiggy,Food,1183,Debit
2024-09-27,Starbucks,Food,1026,Debit
2023-06-25,Flipkart,Shopping,441,Debit
2023-11-13,Ola,Transport,1055,Debit
2023-01-01,Amazon,Shopping,696,Debit
2024-02-19,Zomato,Food,981,Debit
2024-02-25,Internet Bill,Utilities,819,Debit
2024-10-16,Zomato,Food,768,Debit
2024-05-30,Uber,Transport,920,Debit
2024-09-02,Swiggy,Food,589,Debit
2023-03-13,Starbucks,Food,466,Debit
2024-07-24,Mobile Recharge,Utilities,585,Debit
2023-03-02,Spotify,Music,119,Debit
2023-12-28,Flipkart,Shopping,1086,Debit
2023-03-08,Starbucks,Food,1025,Debit
2023-02-08,Ola,Transport,525,Debit
2023-01-31,Spotify,Music,119,Debit
2023-04-01,Netflix,Entertainment,499,Debit
2023-02-14,Uber,Transport,1081,Debit
2023-02-18,Starbucks,Food,314,Debit
2023-01-14,Starbucks,Food,1108,Debit
2023-12-30,Starbucks,Food,872,Debit
2023-04-02,Starbucks,Food,766,Debit
2023-03-23,Swiggy,Food,684,Debit
2023-03-08,Amazon,Shopping,1054,Debit
2023-09-28,Flipkart,Shopping,590,Debit
2024-11-09,Starbucks,Food,503,Debit
2024-03-17,Ola,Transport,763,Debit
2023-12-07,Flipkart,Shopping,489,Debit
2024-10-05,Zomato,Food,700,Debit
2024-02-12,Uber,Transport,611,Debit
2023-01-19,Flipkart,Shopping,480,Debit
2024-01-11,Uber,Transport,224,Debit
2024-08-05,Ola,Transport,835,Debit
2023-01-19,Starbucks,Food,557,Debit
2024-11-02,Uber,Transport,322,Debit
2024-01-31,Zomato,Food,1061,Debit
2024-09-22,Amazon Prime,Shopping,149,Debit
2023-12-16,Flipkart,Shopping,1045,Debit
2024-04-18,Amazon,Shopping,676,Debit
2024-07-13,Swiggy,Food,350,Debit
2023-12-14,Swiggy,Food,1134,Debit
2023-03-26,Ola,Transport,1197,Debit
2024-05-15,Zomato,Food,954,Debit
2024-06-22,Starbucks,Food,1150,Debit
2024-09-22,Spotify,Music,119,Debit
2023-12-25,Flipkart,Shopping,740,Debit
2024-01-08,Zomato,Food,426,Debit
2023-10-02,Zomato,Food,1121,Debit
2023-05-31,Internet Bill,Utilities,946,Debit
2023-01-16,Zomato,Food,1079,Debit
2024-06-07,Uber,Transport,922,Debit
2023-11-27,Apple Music,Music,99,Debit
2024-08-20,Uber,Transport,604,Debit
2023-04-19,Uber,Transport,837,Debit
2024-05-22,Swiggy,Food,1064,Debit
2023-01-09,Amazon,Shopping,688,Debit
2023-09-12,Amazon,Shopping,193,Debit
2023-01-31,Internet Bill,Utilities,874,Debit
2024-06-24,Salary,Income,50000,Credit
2023-11-10,Zomato,Food,505,Debit
2023-03-02,Uber,Transport,386,Debit
2023-01-08,Uber,Transport,435,Debit
2023-07-13,Uber,Transport,418,Debit
2023-02-23,Zomato,Food,764,Debit
2023-06-27,Ola,Transport,404,Debit
2024-05-17,Ola,Transport,1018,Debit
2024-01-26,Hotstar,Entertainment,299,Debit
2024-07-09,Starbucks,Food,1123,Debit
2023-12-15,Flipkart,Shopping,478,Debit
2023-02-17,Starbucks,Food,472,Debit
2023-03-06,Flipkart,Shopping,254,Debit
2024-11-19,Ola,Transport,262,Debit
2023-09-24,Ola,Transport,371,Debit
2023-07-07,Ola,Transport,740,Debit
2024-05-28,Starbucks,Food,1165,Debit
2023-05-29,Ola,Transport,648,Debit
2023-12-27,Zomato,Food,1009,Debit
2024-01-25,Ola,Transport,793,Debit
2024-01-23,Ola,Transport,216,Debit
2024-03-30,Ola,Transport,864,Debit
2024-04-18,Zomato,Food,1089,Debit
2023-04-24,Flipkart,Shopping,190,Debit
2024-04-25,Hotstar,Entertainment,299,Debit
2024-04-28,Zomato,Food,423,Debit
2024-02-27,Ola,Transport,1006,Debit
2024-01-12,Flipkart,Shopping,829,Debit
2024-01-31,Swiggy,Food,804,Debit
2023-05-05,Ola,Transport,189,Debit
2024-01-13,Ola,Transport,969,Debit
2023-03-15,Ola,Transport,200,Debit
2023-11-27,Google Drive,Cloud,130,Debit
2024-03-26,Apple Music,Music,99,Debit
2023-08-23,Zomato,Food,420,Debit
2023-06-20,Swiggy,Food,986,Debit
2023-03-01,Amazon,Shopping,362,Debit
2023-06-18,Zomato,Food,641,Debit
2023-01-17,Amazon,Shopping,689,Debit
2024-03-02,Zomato,Food,590,Debit
2023-08-24,Uber,Transport,1177,Debit
2023-08-11,Uber,Transport,1091,Debit
2023-03-08,Uber,Transport,480,Debit
2024-03-21,Starbucks,Food,375,Debit
2023-06-08,Uber,Transport,527,Debit
2024-09-23,Amazon,Shopping,656,Debit
2023-01-02,Starbucks,Food,651,Debit
2023-05-14,Amazon,Shopping,767,Debit
2024-09-22,Starbucks,Food,235,Debit
2024-11-06,Zomato,Food,1173,Debit
2023-09-15,Zomato,Food,663,Debit
2023-11-02,Uber,Transport,385,Debit
2024-11-21,Spotify,Music,119,Debit
2024-03-01,Ola,Transport,1185,Debit
2023-06-30,Internet Bill,Utilities,848,Debit
2023-11-24,Swiggy,Food,825,Debit
2024-09-13,Zomato,Food,794,Debit
2024-01-03,Flipkart,Shopping,1112,Debit
2024-03-14,Starbucks,Food,1085,Debit
2023-11-27,Mobile Recharge,Utilities,422,Debit
2024-08-29,Swiggy,Food,486,Debit
2024-05-25,Electricity Bill,Utilities,1574,Debit
2024-06-24,Electricity Bill,Utilities,1203,Debit
2024-11-28,Amazon,Shopping,1192,Debit
2023-04-22,Uber,Transport,1104,Debit
2023-08-29,Netflix,Entertainment,499,Debit
2023-08-01,Flipkart,Shopping,466,Debit
2023-08-22,Uber,Transport,819,Debit
2023-08-03,Uber,Transport,1149,Debit
2024-02-02,Amazon,Shopping,506,Debit
2023-08-30,Uber,Transport,371,Debit
2024-12-17,Ola,Transport,323,Debit
2023-08-29,Mobile Recharge,Utilities,594,Debit
2023-02-01,Amazon,Shopping,1144,Debit
2024-09-17,Ola,Transport,1059,Debit
2023-12-29,Starbucks,Food,183,Debit
2023-04-30,Amazon,Shopping,1027,Debit
2024-11-12,Swiggy,Food,965,Debit
2023-02-11,Flipkart,Shopping,634,Debit
2024-09-22,Flipkart,Shopping,901,Debit
2023-12-31,Starbucks,Food,1003,Debit
2024-01-16,Starbucks,Food,751,Debit
2024-08-23,Mobile Recharge,Utilities,516,Debit
2023-06-01,Zomato,Food,397,Debit
2023-09-03,Uber,Transport,1158,Debit
2023-12-06,Starbucks,Food,921,Debit
2024-11-24,Flipkart,Shopping,1029,Debit
2024-07-11,Zomato,Food,642,Debit
2023-04-01,Spotify,Music,119,Debit
2024-02-05,Uber,Transport,905,Debit
2024-12-02,Zomato,Food,809,Debit
2024-10-10,Ola,Transport,699,Debit
2023-04-07,Zomato,Food,200,Debit
2024-12-09,Starbucks,Food,772,Debit
2023-12-03,Zomato,Food,431,Debit
2024-11-13,Ola,Transport,973,Debit
2024-05-13,Uber,Transport,933,Debit
2024-01-30,Ola,Transport,559,Debit
2024-04-25,Google Drive,Cloud,130,Debit
2023-04-20,Zomato,Food,458,Debit
2024-12-14,Swiggy,Food,570,Debit
2023-10-11,Flipkart,Shopping,203,Debit
2024-06-24,Mobile Recharge,Utilities,410,Debit
2024-01-14,Ola,Transport,1168,Debit
2023-05-09,Flipkart,Shopping,905,Debit
2023-05-21,Flipkart,Shopping,1101,Debit
2023-07-09,Flipkart,Shopping,977,Debit
2024-09-07,Flipkart,Shopping,759,Debit
2024-05-24,Zomato,Food,1181,Debit
2024-11-17,Uber,Transport,950,Debit
2024-01-24,Ola,Transport,909,Debit
2024-06-12,Uber,Transport,729,Debit
2024-03-14,Zomato,Food,436,Debit
2024-10-04,Flipkart,Shopping,954,Debit
2024-11-27,Flipkart,Shopping,360,Debit
2023-11-15,Uber,Transport,1095,Debit
2023-04-16,Zomato,Food,1122,Debit
2024-05-21,Zomato,Food,572,Debit
2024-10-22,Spotify,Music,119,Debit
2024-05-23,Starbucks,Food,594,Debit
2024-06-14,Swiggy,Food,1111,Debit
2023-10-11,Zomato,Food,1028,Debit
2023-11-08,Flipkart,Shopping,865,Debit
2024-03-26,Starbucks,Food,851,Debit
2024-06-29,Starbucks,Food,1031,Debit
2024-02-02,Starbucks,Food,609,Debit
2023-07-10,Flipkart,Shopping,152,Debit
2023-06-02,Zomato,Food,593,Debit
2024-02-25,Zomato,Food,1105,Debit
2024-07-24,Apple Music,Music,99,Debit
2023-11-24,Flipkart,Shopping,835,Debit
2023-07-18,Flipkart,Shopping,1138,Debit
2023-07-07,Flipkart,Shopping,225,Debit
2024-01-30,Flipkart,Shopping,301,Debit
2023-01-31,Apple Music,Music,99,Debit
2023-05-05,Flipkart,Shopping,317,Debit
2024-09-13,Uber,Transport,437,Debit
2023-03-17,Flipkart,Shopping,658,Debit
2024-06-12,Ola,Transport,1104,Debit
2024-12-17,Ola,Transport,912,Debit
